<?xml version="1.0" encoding="UTF-8"?>
<project-private xmlns="http://www.netbeans.org/ns/project-private/1">
    <editor-bookmarks xmlns="http://www.netbeans.org/ns/editor-bookmarks/2" lastBookmarkId="0"/>
    <open-files xmlns="http://www.netbeans.org/ns/projectui-open-files/2">
        <group>
            <file>file:/Users/waldonavas/Documents/Github/Acorazado/Battleship/src/battleship/Boat.java</file>
            <file>file:/Users/waldonavas/Documents/Github/Acorazado/Battleship/src/battleship/Battleship.java</file>
            <file>file:/Users/waldonavas/Documents/Github/Acorazado/Battleship/src/battleship/Jugador.java</file>
            <file>file:/Users/waldonavas/Documents/Github/Acorazado/Battleship/src/battleship/Data.java</file>
            <file>file:/Users/waldonavas/Documents/Github/Acorazado/Battleship/src/battleship/Spiel.java</file>
        </group>
    </open-files>
</project-private>
